Elon Musk,@elonmusk
Tweet Range : 2024-04-21:2030-01-01
Save Path : C:\Users\86158\Desktop\学习内容\twitter_scrapy_for_text-main\elonmusk\
Tweet Date,Tweet URL,Tweet Content,Favorite Count,Retweet Count,Reply Count
2024-07-11 17:13,https://twitter.com/elonmusk/status/1811327840257761584,"Asimov’s Foundation series was part of the inspiration for making life/consciousness multiplanetary.

Being multiplanetary greatly extends the probable lifespan of civilization.

We must build Terminus.
 
 ",5,0,3
2024-07-11 16:54,https://twitter.com/elonmusk/status/1811323041671975179,Maybe this applies to real-life too 🤔 ,7583,703,1428
2024-07-11 16:40,https://twitter.com/elonmusk/status/1811319691052278180,"When ur way underleveled for video game boss fight 
 ",15679,1365,1858
2024-07-11 16:36,https://twitter.com/elonmusk/status/1811318658993369281,"Computers will control the future
…
…
…
They already do",24918,2973,4166
2024-07-11 14:46,https://twitter.com/elonmusk/status/1811290840222097875,"The physicality of the brain becomes startlingly obvious upon inspection: it is a biological computer.

Our brains shrinks over time as we age and when you see the brain of someone with severe dementia, the damage is not subtle. What is surprising is that it functions at all.",33921,3872,4393
2024-07-11 07:46,https://twitter.com/elonmusk/status/1811185145455820942,,18454,1937,3344
2024-07-11 03:36,https://twitter.com/elonmusk/status/1811122393097851238,The New York Times specializes in tediously misleading propaganda,53992,9173,3796
2024-07-11 02:53,https://twitter.com/elonmusk/status/1811111478835249270,Neuralink update!,40372,5724,3374
2024-07-11 01:21,https://twitter.com/elonmusk/status/1811088280320102884,"After the presentation, the @Neuralink team will take questions from 𝕏",26906,2312,2465
2024-07-11 01:12,https://twitter.com/elonmusk/status/1811086120408732074,The @Neuralink team is doing a live video update in about 5 minutes …,31013,3042,3689
2024-07-11 01:09,https://twitter.com/elonmusk/status/1811085443502592132,Grok fun mode news is awesome 😂 ,28447,4394,3027
2024-07-10 23:54,https://twitter.com/elonmusk/status/1811066596150202675,The simulation is sending us a message 👀 ,323113,31194,16187
2024-07-10 22:49,https://twitter.com/elonmusk/status/1811050217061728759,Extremely concerning!,95127,25967,7706
2024-07-10 12:03,https://twitter.com/elonmusk/status/1810887584232657026,"To make up for this heinous crime, I will refrain from having omelette for a week ",152909,15957,10517
2024-07-10 06:51,https://twitter.com/elonmusk/status/1810808931486421311,Getting ready for flight 5!,122407,12165,4832
2024-07-10 00:24,https://twitter.com/elonmusk/status/1810711659423428871,Who are these “activists”?,109912,21069,7500
2024-07-10 00:23,https://twitter.com/elonmusk/status/1810711294435033328,This is a more accurate description of what happens regarding voter fraud,106258,29531,6389
2024-07-10 00:20,https://twitter.com/elonmusk/status/1810710613280043049,362 billion user-seconds per day!,50107,7462,4692
2024-07-10 00:04,https://twitter.com/elonmusk/status/1810706658949009453,Great idea,326756,41680,7333
2024-07-09 23:36,https://twitter.com/elonmusk/status/1810699563210313880,"This should be a requirement. If Argentina can do it, so can America!",361024,73044,17237
2024-07-09 23:30,https://twitter.com/elonmusk/status/1810697965268504690,"Cool, glad @Starlink could help!",36036,4720,1912
2024-07-09 23:27,https://twitter.com/elonmusk/status/1810697313070772524,Crazy waste of taxpayer money with nothing to show for it!,61313,7938,2985
2024-07-09 18:28,https://twitter.com/elonmusk/status/1810622035002827191,2000 charging stalls in Norway! 🇳🇴,189578,13418,6310
2024-07-09 15:48,https://twitter.com/elonmusk/status/1810581873703194727,"Electronic voting machines and anything mailed in is too risky. 

We should mandate paper ballots and in-person voting only. ",289982,66245,19145
2024-07-09 14:56,https://twitter.com/elonmusk/status/1810568775973966188,"This is an excellent way to assess someone’s rationality.

Another way is to ask them to assign a probability to their argument being true vs false. Anyone who says anywhere close to 100% for a matter where there is subjectivity is full of 💩.",42873,7153,3033
2024-07-09 13:59,https://twitter.com/elonmusk/status/1810554339435430351,True,104443,25352,5722
2024-07-09 07:22,https://twitter.com/elonmusk/status/1810454369000727022,Tesla has a Semi 😉,280752,17766,7693
2024-07-09 07:21,https://twitter.com/elonmusk/status/1810454245109571615,"When combined with mail-in ballots, the system is *designed* to make it impossible to prove fraud.

Mail-in and drop box ballots should not be allowed, as cameras on the in-person voting stations would at least prevent large-scale fraud by counting how many people showed up vs",335844,71837,25019
2024-07-09 05:07,https://twitter.com/elonmusk/status/1810420372635799765,Wow,189614,58244,16740
2024-07-09 02:18,https://twitter.com/elonmusk/status/1810377948811481340,Great idea!!,98939,15523,4071
2024-07-09 02:17,https://twitter.com/elonmusk/status/1810377638269038622,"Arizona requires proof of citizenship to vote in state elections, but explicitly does not for federal elections. This is messed up.",187562,54934,8879
2024-07-09 02:01,https://twitter.com/elonmusk/status/1810373775579558240,,487935,31254,12525
2024-07-09 01:17,https://twitter.com/elonmusk/status/1810362613747864027,The goal all along has been to import as many illegal voters as possible,221586,49206,14072
2024-07-09 01:15,https://twitter.com/elonmusk/status/1810362000960070013,…,119763,34652,6562
2024-07-08 20:29,https://twitter.com/elonmusk/status/1810290039974146328,Government spending is bankrupting America,159813,31305,15673
2024-07-08 19:37,https://twitter.com/elonmusk/status/1810276907444846802,Exactly,60075,10503,3603
2024-07-08 02:03,https://twitter.com/elonmusk/status/1810011702802751806,I agree!,156220,27461,14545
2024-07-06 08:20,https://twitter.com/elonmusk/status/1809381756199661879,Flight 5 in 4 weeks,166483,19466,7230
2024-07-06 08:10,https://twitter.com/elonmusk/status/1809379265181339893,Wise words from @AriEmanuel,36781,7477,2421
2024-07-06 08:08,https://twitter.com/elonmusk/status/1809378811277951278,Good one sigh,315052,25993,8523
2024-07-06 08:04,https://twitter.com/elonmusk/status/1809377894571077842,"When is there not one – just one – even *attempted* prosecution of that Epstein (Bill Gates &amp; Reid Hoffman come to mind)
client list. 

Either FBI does their duty or the case for an entire departmental reset or abolishment is strong.",444581,96993,23522
2024-07-06 07:53,https://twitter.com/elonmusk/status/1809374976845156801,"Those who oppose this are traitors.

All Caps: TRAITORS

What is the penalty for traitors again?",306588,65964,19019
2024-07-06 07:50,https://twitter.com/elonmusk/status/1809374217151897911,Real question … since we obviously haven’t had one for a while lmao,178409,20769,14832
2024-07-05 23:44,https://twitter.com/elonmusk/status/1809251925306777944,"The legacy media are just propaganda puppets.

𝕏 has the truth.",141324,30165,11198
2024-07-05 13:03,https://twitter.com/elonmusk/status/1809090690766233873,"🚀🚀🇺🇸🇺🇸 AMERICA  🇺🇸🇺🇸🚀🚀
 ",295059,34141,14994
2024-07-05 11:44,https://twitter.com/elonmusk/status/1809070845689516043,Tesla Gigafactory Supercomputer Cluster ,238975,19063,11093
2024-07-05 01:37,https://twitter.com/elonmusk/status/1808918183216046342,🇺🇸🇺🇸 Happy Independence Day! 🇺🇸🇺🇸,445186,34336,17070
2024-07-04 12:58,https://twitter.com/elonmusk/status/1808727124783644694,Yeah!!,382957,26334,11982
2024-07-03 22:15,https://twitter.com/elonmusk/status/1808504969697366191,More satellites capable of providing Internet directly to mobile phones,142522,20148,9806
2024-07-03 12:20,https://twitter.com/elonmusk/status/1808355026126999784,Unmodified video,136365,15381,7634
2024-07-03 00:18,https://twitter.com/elonmusk/status/1808173492010983712,"True, although AI &amp; robotics will save us
(probably)",37202,6930,4497
2024-07-02 23:59,https://twitter.com/elonmusk/status/1808168603721650364,The New York Times is attacking *your* freedom of speech! ,316902,62528,29052
2024-07-02 23:17,https://twitter.com/elonmusk/status/1808157976911364355,What you sometimes see in the night sky from the Cape in Florida and similar (just no Dragon) from southern California,35894,6371,2135
2024-07-02 23:02,https://twitter.com/elonmusk/status/1808154240658870448,"Yeah, it’s awesome. Once you use Tesla Autopilot/FSD for commuting, you won’t use any other car.",150663,17639,12467
2024-07-02 22:59,https://twitter.com/elonmusk/status/1808153564696428894,Dan’s right about this,44345,7596,3656
2024-07-02 22:51,https://twitter.com/elonmusk/status/1808151448330326354,Join xAI to build maximum truth-seeking AI with the best sense of humor!,37221,5320,2970
2024-07-02 11:58,https://twitter.com/elonmusk/status/1807987111083364811,😂,108747,9518,4478
2024-07-02 00:35,https://twitter.com/elonmusk/status/1807815331857207775,…,29629,3400,2362
2024-07-01 22:10,https://twitter.com/elonmusk/status/1807778836203147707,Running ads is easy and getting easier,21530,3675,2165
2024-07-01 21:04,https://twitter.com/elonmusk/status/1807762114779685128,Good idea,103604,9389,4859
2024-07-01 21:03,https://twitter.com/elonmusk/status/1807761917274214899,"When will politicians, or at least the intern who runs their account, learn that lying on this platform doesn’t work anymore? ",638219,103609,37121
2024-07-01 20:46,https://twitter.com/elonmusk/status/1807757765655625890,"That almost the entire media repeated the same lie with the exact same words is disturbing. 

The legacy news is not merely fake, but also unoriginally fake!

If you want to know the truth, it’s on 𝕏.",404907,90538,24334
2024-07-01 13:56,https://twitter.com/elonmusk/status/1807654463081238670,Great Herzog moment,37044,4044,1900
2024-07-01 13:02,https://twitter.com/elonmusk/status/1807640841068142695,"Other trucks look badass, Cybertruck actually is
 ",554282,46406,32029
2024-07-01 12:30,https://twitter.com/elonmusk/status/1807632775664771336,,285238,33351,9586
2024-07-01 11:19,https://twitter.com/elonmusk/status/1807614919384391977,Gonna be a *lot* of robots in the future,41635,6222,4609
2024-07-01 11:07,https://twitter.com/elonmusk/status/1807611879499747768,"Some audiobook recommendations:

The Story of Civilization by Durant
Iliad (Penguin Edition)
The Road to Serfdom by Hayek
American Caesar by Manchester
Masters of Doom by Kushner
The Wages of Destruction by Tooze
The Storm of Steel by Junger
The Guns of August by Tuchman
The",124908,18210,7757
2024-07-01 09:47,https://twitter.com/elonmusk/status/1807591743053021438,"Another Grok banger 😂
 ",16068,2482,1681
2024-07-01 09:45,https://twitter.com/elonmusk/status/1807591366954045841,"💪😂
 ",17269,2868,1419
2024-07-01 09:32,https://twitter.com/elonmusk/status/1807588014652338355,Would be lovely to see more accounts on 𝕏 simply posting beautiful content,496538,27695,34356
2024-07-01 04:52,https://twitter.com/elonmusk/status/1807517547786633355,Yay!,83618,9318,5084
2024-07-01 04:48,https://twitter.com/elonmusk/status/1807516657130127512,The law is violating the law,65627,13108,2921
2024-07-01 04:42,https://twitter.com/elonmusk/status/1807515190809739541,Accurate,83625,16719,2110
2024-07-01 04:28,https://twitter.com/elonmusk/status/1807511645239054714,,123995,11623,4486
2024-07-01 03:10,https://twitter.com/elonmusk/status/1807491893095432440,"True, first time I’ve seen Republicans &amp; Democrats agree on something in a long time 😂",118011,13498,5047
2024-07-01 03:08,https://twitter.com/elonmusk/status/1807491298015768981,𝕏 is the group chat for Earth,272753,26664,20434
2024-07-01 02:39,https://twitter.com/elonmusk/status/1807484028943216892,Let’s make (good) sci-fi real!,110202,9757,4318
2024-06-30 23:15,https://twitter.com/elonmusk/status/1807432832295239833,Our greatest dream is to send a spaceship to Uranus,369971,27007,45656
2024-06-30 23:10,https://twitter.com/elonmusk/status/1807431490763968962,Thoughtful explanation of the Supreme Court’s recent decision regarding ambiguous regulatory authority,22946,3878,1546
2024-06-30 17:20,https://twitter.com/elonmusk/status/1807343536909455461,Subscriptions in support of your freedom to speak are much appreciated,28327,5106,3491
2024-06-30 17:17,https://twitter.com/elonmusk/status/1807342765795156100,Makes a good point about democracy,197398,35378,6680
2024-06-30 08:54,https://twitter.com/elonmusk/status/1807216114734178384,Absolutely,38624,5738,4872
2024-06-29 22:54,https://twitter.com/elonmusk/status/1807064996842791313,…,80252,19845,5027
2024-06-29 14:46,https://twitter.com/elonmusk/status/1806942360552829011,"𝕏 US usage reaches all-time high! 🚀

76B total user-seconds in the US, beating the previous record by 5%.",107665,9739,8272
2024-06-29 12:58,https://twitter.com/elonmusk/status/1806915216460111975,Unmodified picture of the Falcon launch ,336125,21235,8090
2024-06-29 04:21,https://twitter.com/elonmusk/status/1806784946679488645,Record usage of 𝕏 during a Presidential debate!,89433,9229,4272
2024-06-29 03:48,https://twitter.com/elonmusk/status/1806776764536062349,True,93866,9439,5344
2024-06-29 03:16,https://twitter.com/elonmusk/status/1806768587950211106,,12200,1762,1717
2024-06-29 02:53,https://twitter.com/elonmusk/status/1806762951107649661,The CEO of Ford loves electric vehicles!,28691,3663,2762
2024-06-29 02:52,https://twitter.com/elonmusk/status/1806762617085841465,Good thread,34427,5843,1215
2024-06-29 02:44,https://twitter.com/elonmusk/status/1806760601701724565,"Have to say that @CNN did a good job managing the debate. 

Questions were reasonable and non-partisan. No favoritism was shown to either candidate. 

This is what the public wants from the media.",504745,33433,27028
2024-06-29 02:03,https://twitter.com/elonmusk/status/1806750251510112546,Cool,92192,8945,2902
2024-06-28 22:57,https://twitter.com/elonmusk/status/1806703588699255125,lol,894649,63317,48266
2024-06-28 22:43,https://twitter.com/elonmusk/status/1806699977034420304,Lmao,248143,40169,20407
2024-06-28 22:32,https://twitter.com/elonmusk/status/1806697085107851307,Truth is the first casualty in the war that is politics,99429,16084,4366
2024-06-28 13:17,https://twitter.com/elonmusk/status/1806557484120740284,30 years ago ,1068868,46808,37745
2024-06-28 13:06,https://twitter.com/elonmusk/status/1806554854002749643,Tonight was a clear victory … for memes,580896,39315,17307
2024-06-28 06:30,https://twitter.com/elonmusk/status/1806455085150458355,Worth watching,95758,11966,6396
2024-06-28 05:50,https://twitter.com/elonmusk/status/1806445103772311646,It’s basically just Karate Kid at scale 😂,52520,5613,3097
2024-06-28 05:48,https://twitter.com/elonmusk/status/1806444405609390557,Starlink now available in Madagascar!,93733,9587,5359
2024-06-28 01:33,https://twitter.com/elonmusk/status/1806380410399592589,…,210907,48826,10268
2024-06-27 15:19,https://twitter.com/elonmusk/status/1806225734920196507,Welcome to the future,186532,14780,6135
2024-06-27 13:29,https://twitter.com/elonmusk/status/1806198269514494393,Over 5 million pounds of thrust from 27 engines,101621,7041,4705
2024-06-27 01:07,https://twitter.com/elonmusk/status/1806011322238206432,Hawk … ,577401,34279,36183
2024-06-26 11:23,https://twitter.com/elonmusk/status/1805804111037919520,,1053474,87775,33094
2024-06-26 11:02,https://twitter.com/elonmusk/status/1805798876139634709,"Falcon Heavy side boosters land in Cape Canaveral, Florida
 ",210707,19291,5797
2024-06-26 11:00,https://twitter.com/elonmusk/status/1805798206259003757,"New weather satellite delivered!
 ",117776,11528,4150
2024-06-26 01:56,https://twitter.com/elonmusk/status/1805661274577289554,🤷‍♂️,104470,12182,3909
2024-06-26 01:11,https://twitter.com/elonmusk/status/1805650134828728488,“Sue Origin”,82896,6452,6022
2024-06-26 00:44,https://twitter.com/elonmusk/status/1805643355768111580,"The CEO of an aircraft company should know how to design aircraft, not spreadsheets",182266,30107,10022
2024-06-25 22:08,https://twitter.com/elonmusk/status/1805604091089109159,Part 2 of the Starship discussion with @Erdayastronaut,47617,7970,7000
2024-06-25 02:56,https://twitter.com/elonmusk/status/1805314016065314890,The trend is very strong that any AI company’s name that can be inverted will be inverted,95808,9456,7553
2024-06-24 16:46,https://twitter.com/elonmusk/status/1805160492828430825,True,56641,10272,4326
2024-06-24 14:56,https://twitter.com/elonmusk/status/1805132805921468461,"Anyone who claims that their political party does no wrong and the other party does no right is either a liar, a fool or both.",615358,86563,34039
2024-06-24 11:49,https://twitter.com/elonmusk/status/1805085854823600211,"Wow, this is messed up. 

Imposing guilt upon people for things that happened before they were even born is not right. It needs to stop.",200171,34798,7157
2024-06-23 21:46,https://twitter.com/elonmusk/status/1804873761486676230,"Another “conspiracy theory” turns out to be true. 

Strange that Arizona requires proof of citizenship for state, but not federal elections 🤔",229162,63432,16241
2024-06-22 23:09,https://twitter.com/elonmusk/status/1804532172344131961,Everyday Astronaut interview and Starship factory tour!,83319,12546,5469
2024-06-22 22:59,https://twitter.com/elonmusk/status/1804529658005803227,"Exactly. 

A “class action” lawsuit, by definition, should represent the class, yet this one, and most others, do NOT, serving simply to enrich law firms at the expense of the people they falsely claim to represent.

The law should be changed to require at least 10% of the",91353,18273,6498
2024-06-22 21:39,https://twitter.com/elonmusk/status/1804509454861565954,It is really is,117835,17172,6485
2024-06-22 20:46,https://twitter.com/elonmusk/status/1804496195198611760,,214465,39354,10504
2024-06-22 02:17,https://twitter.com/elonmusk/status/1804217213429350818,Cool,58691,7442,3547
2024-06-22 01:28,https://twitter.com/elonmusk/status/1804204747601424648,Interesting,162501,34595,9748
2024-06-22 00:22,https://twitter.com/elonmusk/status/1804188196546449660,,1371002,122561,22475
2024-06-21 22:40,https://twitter.com/elonmusk/status/1804162414012961193,🎯🤣,313861,28237,4419
2024-06-21 07:18,https://twitter.com/elonmusk/status/1803930544830582799,All-In interviews @realDonaldTrump!,103123,22646,5580
2024-06-21 01:40,https://twitter.com/elonmusk/status/1803845366183256178,This is messed up,400447,87767,22273
2024-06-20 21:54,https://twitter.com/elonmusk/status/1803788430012187075,Civilization may end with a bang or with a whimper (in adult diapers),92704,17340,10805
2024-06-20 21:34,https://twitter.com/elonmusk/status/1803783427616821401,Any given AI startup is doomed to become the opposite of its name,102577,8288,9158
2024-06-20 21:08,https://twitter.com/elonmusk/status/1803776897790140449,,72281,10741,4060
2024-06-20 12:18,https://twitter.com/elonmusk/status/1803643556180996169,This platform is the number 1 source of news in the world!,205637,28792,18634
2024-06-19 23:42,https://twitter.com/elonmusk/status/1803453396382580982,This government program is an outrageous waste of taxpayer money and is utterly failing to serve people in need,266182,52669,20885
2024-06-19 22:54,https://twitter.com/elonmusk/status/1803441170686628124,,123999,15316,9523
2024-06-19 21:13,https://twitter.com/elonmusk/status/1803415709759803802,Good summary of my talk,64661,10164,4388
2024-06-19 18:49,https://twitter.com/elonmusk/status/1803379461015965742,𝕏 is by far the best way to reach the most influential people on Earth,96427,13873,7454
2024-06-19 03:46,https://twitter.com/elonmusk/status/1803152235108692123,True,127783,16618,8810
2024-06-18 22:49,https://twitter.com/elonmusk/status/1803077464463114479,Article about Tesla Powerwall 3,32732,5386,2505
2024-06-18 22:46,https://twitter.com/elonmusk/status/1803076707538071575,The federal government is spending America into oblivion,162524,32356,13401
2024-06-18 03:37,https://twitter.com/elonmusk/status/1802787641340952861,Working on the Tesla Master Plan 4. It will be epic.,218662,16236,14929
2024-06-18 02:10,https://twitter.com/elonmusk/status/1802765778191597688,"Tesla Megapacks massively increase electric power generation efficiency, as they can buffer power at night for use in the day, dramatically reducing the need to build new powerplants. 

It also allows for the least efficient power plants to be shut down!",96677,14125,6251
2024-06-18 02:06,https://twitter.com/elonmusk/status/1802764654273315232,The new Model 3 Long Range is an amazing car,96096,10509,7131
2024-06-17 22:42,https://twitter.com/elonmusk/status/1802713444635811989,Big improvements to advertising,52571,7881,4371
2024-06-17 02:35,https://twitter.com/elonmusk/status/1802409584189194530,lol 😬,99834,7490,2940
2024-06-17 02:14,https://twitter.com/elonmusk/status/1802404301047992770,Video continues to increase fast,69254,8219,2882
2024-06-17 01:52,https://twitter.com/elonmusk/status/1802398739019210868,Wow!,143547,44955,14000
2024-06-17 00:54,https://twitter.com/elonmusk/status/1802384142728106190,Happy Father's Day!,615293,40605,22446
2024-06-16 00:33,https://twitter.com/elonmusk/status/1802016638721773642,!!,168788,36742,9086
2024-06-16 00:11,https://twitter.com/elonmusk/status/1802010958828843203,Legalize humor!!,452653,41809,21088
2024-06-16 00:09,https://twitter.com/elonmusk/status/1802010453771780269,😂,34018,3732,1935
2024-06-16 00:06,https://twitter.com/elonmusk/status/1802009851687797234,Hmm,151059,32579,6604
2024-06-15 21:58,https://twitter.com/elonmusk/status/1801977467218853932,"We should eliminate electronic voting machines. The risk of being hacked by humans or AI, while small, is still too high.",392656,82104,34228
2024-06-15 21:54,https://twitter.com/elonmusk/status/1801976488251814048,"Wise words from a recent interview with @geoffreyhinton, one of the smartest people in the world regarding AI

 ",118473,29717,7054
2024-06-14 13:25,https://twitter.com/elonmusk/status/1801486025178464454,Sending this cake to Delaware as a parting gift 😘 ,375250,32525,14645
2024-06-14 09:14,https://twitter.com/elonmusk/status/1801422995161849875,Logan Paul interviews @realDonaldTrump,142531,12631,4428
2024-06-14 04:05,https://twitter.com/elonmusk/status/1801345127941816519,Tesla annual meeting in 25 mins!,67771,9585,7295
2024-06-13 23:21,https://twitter.com/elonmusk/status/1801273575573233951,Refs to players ratio needs to be sensible,109832,20051,6093
2024-06-13 10:50,https://twitter.com/elonmusk/status/1801084780035154058,"Both Tesla shareholder resolutions are currently passing by wide margins!

♥️♥️ Thanks for your support!! ♥️♥️ ",129975,13221,13051
2024-06-13 08:14,https://twitter.com/elonmusk/status/1801045558318313746,Massive increase in likes after they were made private! ,509722,30868,26657
2024-06-13 08:12,https://twitter.com/elonmusk/status/1801045037532221819,"Grok fun mode news
 ",20137,2749,1823
2024-06-13 00:13,https://twitter.com/elonmusk/status/1800924375010648136,"Starship is the most power flying object ever created. 

Currently over twice the thrust of Saturn V and, with future upgrades, three times the thrust (10,000 tons of force).",180473,18893,7857
2024-06-12 23:33,https://twitter.com/elonmusk/status/1800914373512495414,It was disrespectful &amp; unkind of The New York Times to say that about the tribe,106974,16869,6431
2024-06-12 23:13,https://twitter.com/elonmusk/status/1800909236597383455,"Extremely challenging, but achievable",43304,5990,2546
2024-06-12 22:57,https://twitter.com/elonmusk/status/1800905349148664295,Important change: your likes are now private,478390,33088,44504
2024-06-12 22:55,https://twitter.com/elonmusk/status/1800904669872656738,Interesting,22942,3464,1517
2024-06-12 13:17,https://twitter.com/elonmusk/status/1800759374941659572,Yeah,300445,43557,9530
2024-06-12 13:17,https://twitter.com/elonmusk/status/1800759252224729577,A teleportation time machine would be so helpful,384102,33148,34448
2024-06-12 12:58,https://twitter.com/elonmusk/status/1800754578008457687,Starlink now available in 100 countries!,139172,16046,8038
2024-06-12 03:10,https://twitter.com/elonmusk/status/1800606627319456065,How to share links,31507,6016,4354
2024-06-12 02:58,https://twitter.com/elonmusk/status/1800603619236192421,Cool :),52811,5316,3008
2024-06-12 02:51,https://twitter.com/elonmusk/status/1800601849973576068,Important to allow people to like posts without getting attacked for doing so!,209070,17964,21501
2024-06-11 22:34,https://twitter.com/elonmusk/status/1800537041022898430,Please take a moment to vote,37955,5367,4428
2024-06-11 21:04,https://twitter.com/elonmusk/status/1800514410227904589,…,60116,10903,3517
2024-06-11 06:01,https://twitter.com/elonmusk/status/1800287174065115424,Exactly!,114478,17446,4545
2024-06-11 05:43,https://twitter.com/elonmusk/status/1800282625434849432,"Here’s the problem with “agreeing” to share your data: nobody actually reads the terms &amp; conditions
",122051,18771,8065
2024-06-11 05:09,https://twitter.com/elonmusk/status/1800274139162485165,Now imagine if an AI trained in this way grows in power immensely,157669,23163,9723
2024-06-11 05:02,https://twitter.com/elonmusk/status/1800272349134279011,,755177,69854,32241
2024-06-11 04:50,https://twitter.com/elonmusk/status/1800269249912381773,"It’s patently absurd that Apple isn’t smart enough to make their own AI, yet is somehow capable of ensuring that OpenAI will protect your security &amp; privacy!

Apple has no clue what’s actually going on once they hand your data over to OpenAI. They’re selling you down the river.",292946,45907,18279
2024-06-10 20:17,https://twitter.com/elonmusk/status/1800140327015329924,,113240,10759,6216
2024-06-10 19:04,https://twitter.com/elonmusk/status/1800121852905623750,How time flies,105007,11801,5040
2024-06-10 13:11,https://twitter.com/elonmusk/status/1800032983270735979,,191019,20293,6492
2024-06-10 13:06,https://twitter.com/elonmusk/status/1800031708508815588,Stream on 𝕏!,56624,6862,3764
2024-06-10 12:48,https://twitter.com/elonmusk/status/1800027167163929070,My dream is to reach Uranus 💫,192112,16381,23664
2024-06-10 04:31,https://twitter.com/elonmusk/status/1799902072529375539,"Thanks Milan!

You’ve built the Optimus team from nothing to the most sophisticated humanoid robot in the world.",39023,4748,2548
2024-06-09 11:52,https://twitter.com/elonmusk/status/1799650788848841069,"Thanks Ashok! 

Ashok was the first person to join the Tesla AI/Autopilot team and ultimately rose to lead all AI/Autopilot software. 

Without him and our awesome team, we would just be another car company looking for an autonomy supplier that doesn’t exist. 

Btw, I never",108764,13258,5090
2024-06-09 11:26,https://twitter.com/elonmusk/status/1799644167171125613,"Publish full-length, complex articles on 𝕏!",29612,3848,2313
2024-06-09 11:13,https://twitter.com/elonmusk/status/1799640950752641233,"Sorry it’s taken so long to make it happen, but we’re super close now",99247,11515,5289
2024-06-09 09:56,https://twitter.com/elonmusk/status/1799621606744162548,"I’ve mentioned something like this before, but, if any of my companies goes public, we will prioritize other longtime shareholders of my other companies, including Tesla.

Loyalty deserves loyalty.",192250,16776,7873
2024-06-09 08:24,https://twitter.com/elonmusk/status/1799598428772520315,,131757,13496,4295
2024-06-09 07:03,https://twitter.com/elonmusk/status/1799577948262957370,"Please take a moment to vote your Tesla shares before the annual meeting on Thursday. 

Lmk in comments if you encounter any issues.",46116,6914,7803
2024-06-09 03:35,https://twitter.com/elonmusk/status/1799525711872417864,Ship it ,366010,21994,7086
2024-06-09 02:28,https://twitter.com/elonmusk/status/1799508860006170952,…,51777,4902,3193
2024-06-09 02:15,https://twitter.com/elonmusk/status/1799505660813455441,𝕏 is the global news,79460,10489,6778
2024-06-09 01:43,https://twitter.com/elonmusk/status/1799497454812844047,"Starship booster makes soft landing in water, next landing will be caught by the tower arms",215936,19797,7352
2024-06-08 20:26,https://twitter.com/elonmusk/status/1799417761539805431,,427483,93407,25879
2024-06-08 11:30,https://twitter.com/elonmusk/status/1799282802103341466,Wow,379981,87695,12452
2024-06-08 11:27,https://twitter.com/elonmusk/status/1799282138304385331,Cool,129406,17977,5959
2024-06-08 11:25,https://twitter.com/elonmusk/status/1799281485977092426,300,134284,11315,4426
2024-06-08 00:47,https://twitter.com/elonmusk/status/1799120923716354252,"Another Falcon 9 launch! 

Falcon alone is trending to set a world record for the most amount of mass Earth delivers to orbit in a year.",44054,4962,2819
2024-06-08 00:40,https://twitter.com/elonmusk/status/1799119259177488540,Congratulations @narendramodi on your victory in the world’s largest democratic elections! Looking forward to my companies doing exciting work in India.,408877,51979,13779
2024-06-07 06:05,https://twitter.com/elonmusk/status/1798838547333763150,"Starship weighs 5000 tons on liftoff 
 ",379469,40273,15763
2024-06-07 06:02,https://twitter.com/elonmusk/status/1798837841319141829,Starship separates from booster ,224735,12587,3696
2024-06-07 06:01,https://twitter.com/elonmusk/status/1798837571226657001,Starship reentering like a meteor ,725332,41457,10213
2024-06-07 04:55,https://twitter.com/elonmusk/status/1798821071128608972,Thanks Cathie,71407,7306,2202
2024-06-07 04:49,https://twitter.com/elonmusk/status/1798819636181713280,,295605,27062,6890
2024-06-07 00:20,https://twitter.com/elonmusk/status/1798751837920936278,"Today was a great day for humanity’s future as a spacefaring civilization!

Nothing unites us more than working together towards inspiring objectives.",193485,16872,8711
2024-06-06 23:56,https://twitter.com/elonmusk/status/1798745841836110239,Accurate 😂,147662,9001,3554
2024-06-06 23:16,https://twitter.com/elonmusk/status/1798735740018516218,🚀🚀 Stainless Steel Rocket 🚀🚀,116598,7149,5885
2024-06-06 22:08,https://twitter.com/elonmusk/status/1798718549307109867,"Despite loss of many tiles and a damaged flap, Starship made it all the way to a soft landing in the ocean!

Congratulations @SpaceX team on an epic achievement!!",205087,18850,8288
2024-06-06 21:19,https://twitter.com/elonmusk/status/1798706177553121357,Successful soft landing of the Starship Super Heavy rocket booster!,210052,18691,6025
2024-06-06 11:24,https://twitter.com/elonmusk/status/1798556629920559164,Launch tmrw morning at 7:20 Texas time ,270991,19429,8140
2024-06-06 07:56,https://twitter.com/elonmusk/status/1798504201196368219,"Yeah, @Jack is right
 ",197325,35059,11503
2024-06-06 07:17,https://twitter.com/elonmusk/status/1798494289280020989,How to vote your Tesla shares,22797,3067,1957
2024-06-06 07:14,https://twitter.com/elonmusk/status/1798493697904189580,Streaming live exclusively on this platform!,51603,6409,2572
2024-06-06 07:13,https://twitter.com/elonmusk/status/1798493500918714859,🤔,273032,72167,11808
2024-06-06 06:46,https://twitter.com/elonmusk/status/1798486554337563118,Ron Baron is awesome,53768,7126,2441
2024-06-06 01:09,https://twitter.com/elonmusk/status/1798401666267357650,"ESG is a corrupted lie. 

It needs to end.",146896,25580,7367
2024-06-05 23:10,https://twitter.com/elonmusk/status/1798371834557313322,Congratulations on a successful launch!,88716,8078,2929
2024-06-05 22:26,https://twitter.com/elonmusk/status/1798360824853282923,"I’m glad the government of Japan recognizes the importance of this matter.

If radical action isn’t taken, Japan (and many other countries) will disappear!",77633,14091,8421
2024-06-05 22:08,https://twitter.com/elonmusk/status/1798356118923841580,Thanks Ron!,56865,8114,2340
2024-06-05 21:39,https://twitter.com/elonmusk/status/1798348864296247416,The @SpaceX Starship launch tomorrow morning will be live-streamed exclusively on 𝕏!,116375,11453,7617
2024-06-05 20:58,https://twitter.com/elonmusk/status/1798338630471364871,Livestream of the first @BoeingSpace Starliner to @Space_Station. Wishing them best of luck!,37078,4784,2245
2024-06-05 13:21,https://twitter.com/elonmusk/status/1798223581668896817,Freedom of speech is worth fighting for,197435,34807,12564
2024-06-05 13:06,https://twitter.com/elonmusk/status/1798219738503676125,Somewhere between singing &amp; improv,179638,13037,5876
2024-06-04 03:47,https://twitter.com/elonmusk/status/1797716866988908801,Median latency for Starlink Internet in the US will get below 20ms,63815,9250,5050
2024-06-04 00:03,https://twitter.com/elonmusk/status/1797660307713859985,Tesla went public at $1.5B valuation 14 years ago. Valuation today is over $500B.,198187,21763,8463
2024-06-03 23:59,https://twitter.com/elonmusk/status/1797659343749615875,😂,94981,8537,4356
2024-06-03 23:31,https://twitter.com/elonmusk/status/1797652414901948470,"English has been a de facto open source language that has actively sought to include words from other languages for half a millennium
",25601,4469,3044
2024-06-03 22:48,https://twitter.com/elonmusk/status/1797641611335315523,2𝕏ist is 🤩,92189,5947,8119
2024-06-03 22:12,https://twitter.com/elonmusk/status/1797632518721831169,😂,54295,5599,4269
2024-06-03 21:31,https://twitter.com/elonmusk/status/1797622148925890961,Yup,129078,17667,5991
2024-06-03 14:23,https://twitter.com/elonmusk/status/1797514397881192610,,635013,41002,9024
2024-06-03 13:30,https://twitter.com/elonmusk/status/1797500992017297745,Yup,310357,23612,9333
2024-06-03 13:24,https://twitter.com/elonmusk/status/1797499471632519491,Starship is ready to fly ,502829,35541,13578
2024-06-03 12:50,https://twitter.com/elonmusk/status/1797491033447821819,💯😂,401239,32033,4647
2024-06-03 12:32,https://twitter.com/elonmusk/status/1797486385596875034,😂,198847,33532,9147
2024-06-03 11:56,https://twitter.com/elonmusk/status/1797477407567524150,Join us!,24957,2870,2408
2024-06-03 09:39,https://twitter.com/elonmusk/status/1797442834691445198,Civilization is careening towards dystopia/utopia,224359,22984,20761
2024-06-03 06:21,https://twitter.com/elonmusk/status/1797393009014669379,The tote bag ,170897,10383,5059
2024-06-03 05:51,https://twitter.com/elonmusk/status/1797385481887363190,😁 ,66013,5983,3400
2024-06-02 23:17,https://twitter.com/elonmusk/status/1797286297960165863,I love monuments to hubris,116133,13273,6161
2024-06-02 23:00,https://twitter.com/elonmusk/status/1797282250574184587,"Starlink just achieved a new internal median latency record of 28ms yesterday!

Great work by the engineering and operations teams.",176043,12241,6339
2024-06-02 15:53,https://twitter.com/elonmusk/status/1797174660771008611,Not much has changed,240418,53803,15079
2024-06-02 09:02,https://twitter.com/elonmusk/status/1797071331667632569,"Starship Flight 4, with many improvements, aiming to launch on Thursday!

The main goal of this mission is to get much deeper into the atmosphere during reentry, ideally through max heating.",113015,15293,6469
2024-06-01 14:45,https://twitter.com/elonmusk/status/1796795162028335377,😂🎯,70010,7171,4624
2024-06-01 14:01,https://twitter.com/elonmusk/status/1796784064101224455,Great work by the SpaceX Falcon team launching 14 times in a single month!,156514,16652,5576
2024-06-01 08:01,https://twitter.com/elonmusk/status/1796693447618760810,Hard to view this as anything other than abuse of the law for political purposes,419696,91889,31944
2024-06-01 00:52,https://twitter.com/elonmusk/status/1796585681164378491,The proscriptions of Marius led to the proscriptions of Sulla,82724,9403,6713
2024-06-01 00:26,https://twitter.com/elonmusk/status/1796579097633763586,This will be interesting,444936,64564,22597
2024-06-01 00:21,https://twitter.com/elonmusk/status/1796577674229588414,How to vote your Tesla shares,27545,4382,2238
2024-06-01 00:16,https://twitter.com/elonmusk/status/1796576471747826061,,58566,8459,3190
2024-05-31 23:57,https://twitter.com/elonmusk/status/1796571695706509419,Great book,52597,8546,3340
2024-05-31 15:49,https://twitter.com/elonmusk/status/1796448840603906056,I do,404638,31391,29328
2024-05-31 15:16,https://twitter.com/elonmusk/status/1796440638617244012,"Indeed, great damage was done today to the public’s faith in the American legal system.

If a former President can be criminally convicted over such a trivial matter – motivated by politics, rather than justice – then anyone is at risk of a similar fate.",515333,115997,52657
2024-05-31 00:31,https://twitter.com/elonmusk/status/1796217867790110951,"Why is making life multiplanetary important?
 ",151973,20824,16820
2024-05-31 00:12,https://twitter.com/elonmusk/status/1796213106005115361,"Prop C, while certainly well-intentioned, has actually amplified the homeless problem and forced businesses that operate on very slim margins, like payments companies, to leave the city or go bankrupt. 

It must be repealed.",43021,8851,3973
2024-05-30 13:29,https://twitter.com/elonmusk/status/1796051160731676909,Embrace cringe ,686506,64118,13287
2024-05-30 01:26,https://twitter.com/elonmusk/status/1795869252513087987,"Thanks Chamath!
 ",135199,17467,8291
2024-05-29 22:00,https://twitter.com/elonmusk/status/1795817587118686230,Starlink provides Internet connectivity in the air that is often better than being on the ground!,125054,16388,6318
2024-05-29 21:30,https://twitter.com/elonmusk/status/1795809849638346883,No kidding,68750,14608,3695
2024-05-29 20:44,https://twitter.com/elonmusk/status/1795798299909173339,Cool 😎,63637,6417,4896
2024-05-29 20:19,https://twitter.com/elonmusk/status/1795792090841965022,Yeah,20793,3970,2529
2024-05-28 23:07,https://twitter.com/elonmusk/status/1795471904297382306,"Uploading your videos to 𝕏 massively increases viewership, as the algorithm is optimizing for total user-seconds",62104,10664,7989
2024-05-28 23:04,https://twitter.com/elonmusk/status/1795471329954537958,Please let us know if you have any questions about voting your Tesla shares!,36231,4969,4142
2024-05-28 07:34,https://twitter.com/elonmusk/status/1795237071562375641,Interesting,73904,9865,10927
2024-05-27 14:40,https://twitter.com/elonmusk/status/1794981927125987683,"Join xAI if you believe in our mission of understanding the universe, which requires maximally rigorous pursuit of the truth, without regard to popularity or political correctness",76717,11961,8124
2024-05-26 13:43,https://twitter.com/elonmusk/status/1794605275850371199,,158340,30090,7612
2024-05-26 03:08,https://twitter.com/elonmusk/status/1794445334745325768,"Anything that potentially challenges the Standard Model is a very interesting experiment. 

Wild that Germanium-76 takes 100 trillion times the age of the universe to decay, yet it is observable in a year in you have ~1 ton of it!

",58901,8052,5306
2024-05-26 00:59,https://twitter.com/elonmusk/status/1794413021366022258,"“Tesla is far ahead in self-driving cars” – Jensen Huang
 ",114447,15143,6205
2024-05-25 23:39,https://twitter.com/elonmusk/status/1794392792644690028,,260293,43198,8762
2024-05-25 13:27,https://twitter.com/elonmusk/status/1794238958030983405,"The goal of citizenship for all illegals is very clearly stated by the leader of the Senate.

For some reason, a lot of people still think this is some crazy conspiracy theory!

 ",252497,69202,30048
2024-05-25 09:51,https://twitter.com/elonmusk/status/1794184373404840240,"Just a reminder that Earth is almost empty of humans, contrary to what many people think
",152530,29508,27773
2024-05-25 09:15,https://twitter.com/elonmusk/status/1794175493119644069,"WhatsApp exports your user data every night. 

Some people still think it is secure.",109895,24219,6728
2024-05-25 08:19,https://twitter.com/elonmusk/status/1794161292225421505,Great show!,270431,17281,6182
2024-05-25 07:26,https://twitter.com/elonmusk/status/1794147920998273387,Improvements to Communities,21073,4173,2159
2024-05-25 07:12,https://twitter.com/elonmusk/status/1794144519514189928,It’s a real thing that you can try today,71985,7712,4143
2024-05-25 07:06,https://twitter.com/elonmusk/status/1794142909706711201,"The Boring Company connects another hotel in Vegas!

Within a few years, you will be able to get to all major destinations in the city super fast with electric cars in tunnels. 

No need to imagine, you can try it today between Resorts World and the Convention Center!",113728,11618,6067
2024-05-25 06:55,https://twitter.com/elonmusk/status/1794140283095158907,Tesla Megapack batteries are great for buffering energy at scale!,49243,6115,2806
2024-05-25 01:02,https://twitter.com/elonmusk/status/1794051318862262444,"Could be a good one
",70341,8708,5703
2024-05-24 11:07,https://twitter.com/elonmusk/status/1793841342055166228,Flight 4 in about 10 days,137882,15681,9264
2024-05-24 05:38,https://twitter.com/elonmusk/status/1793758447407956478,"Rocket gymnastics
 ",318056,32095,15599
2024-05-24 04:57,https://twitter.com/elonmusk/status/1793748023312629820,Yeah!,42935,6045,3977
2024-05-24 00:47,https://twitter.com/elonmusk/status/1793685157364543814,"A lot of social media is bad for kids, as there is extreme competition between social media AIs to maximize dopamine!",77169,16897,5105
2024-05-23 23:36,https://twitter.com/elonmusk/status/1793667283207995479,Trust the collective wisdom of the people,91185,20160,6089
2024-05-23 23:23,https://twitter.com/elonmusk/status/1793664067707834876,People will die if doctors misdiagnose patients,171813,40643,16047
2024-05-23 15:47,https://twitter.com/elonmusk/status/1793549358597886004,,64413,8201,3741
2024-05-23 15:10,https://twitter.com/elonmusk/status/1793540037021430099,Activists should be removed as judges,308623,62408,15973
2024-05-23 14:55,https://twitter.com/elonmusk/status/1793536136281030782,Asian women earn more than white men,173920,29839,9534
2024-05-23 14:53,https://twitter.com/elonmusk/status/1793535782822842520,Is suspect this thought has gone through many men’s minds recently 😂😂,73065,6450,3304
2024-05-23 14:36,https://twitter.com/elonmusk/status/1793531309614330031,Community Notes now translated,16369,3018,1752
2024-05-23 14:35,https://twitter.com/elonmusk/status/1793531055716401222,Some people still believe the legacy media,421107,79970,12678
2024-05-23 14:28,https://twitter.com/elonmusk/status/1793529371053191426,Thanks Jensen! @nvidia,34215,3434,1465
2024-05-23 10:20,https://twitter.com/elonmusk/status/1793467069922725951,Great work by the Notes team!,39688,5504,2610
2024-05-23 09:51,https://twitter.com/elonmusk/status/1793459695870697512,Interesting visit to @LosAlamosNatLab today. Discussed a lot of science 😉,42407,3692,2956
2024-05-23 09:43,https://twitter.com/elonmusk/status/1793457708294934647,This would be much appreciated!,37670,7374,3135
2024-05-23 09:02,https://twitter.com/elonmusk/status/1793447467519803452,Launching @Starlink in Fiji with ⁦@PresidentFiji⁩! ,191214,14418,5325
2024-05-22 00:21,https://twitter.com/elonmusk/status/1792953914570019121,Teamwork can solve anything ,124536,11168,9206
2024-05-21 12:46,https://twitter.com/elonmusk/status/1792778957529710727,Easy to order online in 2 minutes at ,76313,13901,10047
2024-05-21 07:30,https://twitter.com/elonmusk/status/1792699521237234091,"Testing Grok news funny mode
 ",16782,3014,2055
2024-05-21 07:22,https://twitter.com/elonmusk/status/1792697418208956746,This is the quality of humor we want from Grok ,195082,18964,8213
2024-05-21 06:56,https://twitter.com/elonmusk/status/1792690964672450971,"This is a Black Mirror episode. 

Definitely turning this “feature” off.",183527,33284,13217
2024-05-21 06:53,https://twitter.com/elonmusk/status/1792690117947314323,"Congratulations to the @SpaceX team on passing 3 million customers in 99 countries!

And thanks to you for buying @Starlink!",130623,9740,3933
2024-05-21 06:49,https://twitter.com/elonmusk/status/1792689139470704718,"SpaceX might exceed 90% of all Earth payload to orbit later this year. 

Once Starship is launching at high rate, probably &gt;99%. Has to be or we can’t build a city on Mars or base on moon.

We file almost no patents, so nothing stopping competition from copying us.",44168,7781,2929
2024-05-21 04:31,https://twitter.com/elonmusk/status/1792654343570870385,But why does this boycott continue?,99071,20108,5129
2024-05-21 04:17,https://twitter.com/elonmusk/status/1792650907819421933,"In sharp contrast, 𝕏 supports child safety bills",104826,28482,5233
2024-05-21 04:09,https://twitter.com/elonmusk/status/1792648834885050504,The New Woke Times is truly unreadable ,214726,26676,11105
2024-05-21 03:30,https://twitter.com/elonmusk/status/1792639102434632021,Stream on 𝕏 ,613695,38920,14084
2024-05-21 02:51,https://twitter.com/elonmusk/status/1792629142141177890,"Starship Flight 4 in about 2 weeks.

Primary goal is getting through max reentry heating. 

Worth noting that no one has ever succeeded in creating a fully reusable heat shield. Shuttle required &gt;6 months of rework.",99634,14307,4306
2024-05-20 23:04,https://twitter.com/elonmusk/status/1792572030526886279,The Tesla team put this together of their own volition (I did not ask for it). Thanks!,45392,6089,4431
2024-05-20 23:01,https://twitter.com/elonmusk/status/1792571388085358870,Thanks @AvanzaBank!,18787,2812,1398
2024-05-20 20:44,https://twitter.com/elonmusk/status/1792536841725661392,Starlink now available in 99 countries,77672,10039,5257
2024-05-20 14:06,https://twitter.com/elonmusk/status/1792436819117879477,Reading the Grok newsfeed in fun mode is awesome 🙄,25316,2920,2598
2024-05-20 11:54,https://twitter.com/elonmusk/status/1792403500472864839,Starlink is now available in Fiji! 🇫🇯,81262,8466,4051
2024-05-20 06:48,https://twitter.com/elonmusk/status/1792326610496246010,Echoes of present day ,13919,2524,1600
2024-05-20 06:29,https://twitter.com/elonmusk/status/1792321635019870377,Very much worth listening to the Tides of History podcast! ,17940,2943,1619
2024-05-20 05:42,https://twitter.com/elonmusk/status/1792309903367061625,"Bringing connectivity to remote communities radically improves access to education and economic opportunities
 ",275291,29331,18640
2024-05-19 17:47,https://twitter.com/elonmusk/status/1792129896690639175,Honored to launch @Starlink in Indonesia! ,216274,25529,11319
2024-05-19 17:44,https://twitter.com/elonmusk/status/1792129080965681450,Starlink will help a lot of people throughout the world,67719,11058,4802
2024-05-19 14:15,https://twitter.com/elonmusk/status/1792076597983613272,Super low cost to charge your electric vehicle in Texas!,44199,4533,2875
2024-05-19 14:11,https://twitter.com/elonmusk/status/1792075636217090332,This is concerning. Tesla will reach out to these banks/brokers. Shareholders have the right to vote their shares!,34481,4728,3765
2024-05-19 09:24,https://twitter.com/elonmusk/status/1792003357365936170,"Stream your gameplay on 𝕏!
 ",37171,4671,3467
2024-05-19 08:45,https://twitter.com/elonmusk/status/1791993595215642845,True,115046,12154,6903
2024-05-19 03:40,https://twitter.com/elonmusk/status/1791916829201600753,The Apple headphones are great,203615,11058,12653
2024-05-19 02:02,https://twitter.com/elonmusk/status/1791892242518741442,There are no coincidences ,280916,32449,9153
2024-05-18 23:53,https://twitter.com/elonmusk/status/1791859736666878033,Please let us know if you have any difficulties voting your Tesla stock,22158,3742,3444
2024-05-18 14:11,https://twitter.com/elonmusk/status/1791713117216612656,Yes,74937,11526,5094
2024-05-18 13:48,https://twitter.com/elonmusk/status/1791707380952207523,"Grok upgrades. 

Also, you will soon be able to see a humorous take on the news from Grok if you chose “Fun Mode”.",22143,3872,2468
2024-05-18 13:32,https://twitter.com/elonmusk/status/1791703368630722658,Extremely concerning,103405,24152,6593
2024-05-18 13:02,https://twitter.com/elonmusk/status/1791695760666607641,Congrats Tesla Fremont team!,106146,7208,2403
2024-05-18 13:01,https://twitter.com/elonmusk/status/1791695511248080956,Please reply in comments if you’re having difficulty voting your Tesla shares,19167,3012,4738
2024-05-18 12:59,https://twitter.com/elonmusk/status/1791695064626057681,Great example of companies posting updates as 𝕏 Articles,36535,3310,1426
2024-05-18 12:48,https://twitter.com/elonmusk/status/1791692285757034788,Cool,285583,15929,7314
2024-05-18 12:35,https://twitter.com/elonmusk/status/1791689030641578286,Ice cream is an amazing invention ,790781,37563,22610
2024-05-18 11:42,https://twitter.com/elonmusk/status/1791675740603257138,Yeah,32361,4904,2009
2024-05-18 11:29,https://twitter.com/elonmusk/status/1791672494900089030,Is this accurate? @CommunityNotes,56390,15564,9675
2024-05-18 11:28,https://twitter.com/elonmusk/status/1791672112089882665,,53109,6572,2153
2024-05-18 11:27,https://twitter.com/elonmusk/status/1791671822145974413,Sigh,27610,3664,1823
2024-05-18 11:23,https://twitter.com/elonmusk/status/1791670970052125073,I’m looking forward to this 😂,205025,15535,4500
2024-05-18 09:24,https://twitter.com/elonmusk/status/1791640932711837938,"Interview with Noland, world’s first recipient of a Neuralink, which enables telepathic control of a computer or phone just by thinking!

Long-term, I think we can bridge severed nerve signals to a 2nd Neuralink in the spine, restoring full body control.",43224,6526,3636
2024-05-18 09:07,https://twitter.com/elonmusk/status/1791636698318745634,Falcon going to orbit as seen from ocean ,927412,61899,18407
2024-05-17 22:44,https://twitter.com/elonmusk/status/1791480027416060350,Prosecute/Fauci,407852,110514,25035
2024-05-17 14:14,https://twitter.com/elonmusk/status/1791351500217754008,All core systems are now on ,193052,20193,14571
2024-05-17 12:58,https://twitter.com/elonmusk/status/1791332539220521079,"Neuralink is accepting applications for the second participant. 

This is our Telepathy cybernetic brain implant  that allows you to control your phone and computer just by thinking.

No one better than Noland (@ModdedQuad) himself to tell you about the first!",51915,9161,5049
2024-05-16 19:54,https://twitter.com/elonmusk/status/1791074806810501124,Thank you,112159,13134,6302
2024-05-16 17:44,https://twitter.com/elonmusk/status/1791042021505020170,Starlink now on over 200 cruise ships!,57643,6708,3218
2024-05-16 17:37,https://twitter.com/elonmusk/status/1791040271591031268,Giga Berlin setting records for sustainability,59898,7098,2548
2024-05-16 17:26,https://twitter.com/elonmusk/status/1791037547273203815,Now imagine if the philosophy that led to this outcome was programmed into AI,75021,10130,4610
2024-05-16 17:20,https://twitter.com/elonmusk/status/1791035887297663176,Grok now available in Europe,34271,3723,3102
2024-05-16 17:00,https://twitter.com/elonmusk/status/1791031052569600176,Thanks to all Tesla vote supporters!,44180,5412,5226
2024-05-16 16:54,https://twitter.com/elonmusk/status/1791029436651102240,"Early days of SpaceX
 ",143641,16082,5431
2024-05-16 16:51,https://twitter.com/elonmusk/status/1791028785577631941,19 years ago,75717,9657,3304
2024-05-16 16:50,https://twitter.com/elonmusk/status/1791028377517989896,Grok will soon offer a humorous take on the news in the spirit of how The Daily Show and Colbert Report used to be in ancient times,91198,8411,5658
2024-05-16 13:30,https://twitter.com/elonmusk/status/1790978078233252341,Stacking Starship ,316292,28098,8486
2024-05-16 09:26,https://twitter.com/elonmusk/status/1790916692471902713,Interesting podcast!,58571,7165,2955
2024-05-15 21:26,https://twitter.com/elonmusk/status/1790735431505682675,"Congrats @SpaceX Falcon team on 50 successful missions already this year!

Highest flight rate of any rocket ever.",148269,17099,6345
2024-05-15 14:27,https://twitter.com/elonmusk/status/1790629998631723326,Optimus will be amazing,121714,9530,8806
2024-05-15 13:47,https://twitter.com/elonmusk/status/1790620026925727764,👌,70006,7828,4732
2024-05-15 01:07,https://twitter.com/elonmusk/status/1790428755917250570,Wow,50842,12223,2999
2024-05-15 00:53,https://twitter.com/elonmusk/status/1790425166746382738,Cool,351645,25686,7556
2024-05-14 23:21,https://twitter.com/elonmusk/status/1790402066940080398,🫡,131951,15070,7716
2024-05-14 22:03,https://twitter.com/elonmusk/status/1790382311491445120,,595018,58758,17342
2024-05-14 12:57,https://twitter.com/elonmusk/status/1790245005291913422,,767456,57394,16025
2024-05-14 04:58,https://twitter.com/elonmusk/status/1790124424986849471,Truth is stranger &amp; funnier than fiction 😂,68389,11431,3338
2024-05-14 04:35,https://twitter.com/elonmusk/status/1790118678865838540,SpaceX’s mission is to extend consciousness to Mars and then the stars,177245,15744,15403
2024-05-14 04:33,https://twitter.com/elonmusk/status/1790118216196329917,This sounds bad,110294,26752,5396
2024-05-13 02:55,https://twitter.com/elonmusk/status/1789731229807333615,Yup,447248,72064,18044
2024-05-12 23:25,https://twitter.com/elonmusk/status/1789678328875745575,,178162,24744,7255
2024-05-12 23:19,https://twitter.com/elonmusk/status/1789676834420044102,🥰 Happy Mother’s Day 🥰,707696,50674,16672
2024-05-12 04:37,https://twitter.com/elonmusk/status/1789394404446282213,How the Federal Reserve works ,471744,74272,12916
2024-05-12 04:33,https://twitter.com/elonmusk/status/1789393397523915023,You really feel that bass ,716085,57264,31096
2024-05-12 03:18,https://twitter.com/elonmusk/status/1789374509285269663,“You will use dongles and you will be happy” ,290389,19007,7358
2024-05-12 02:44,https://twitter.com/elonmusk/status/1789366024019886496,Starships preparing for spaceflight ,401984,29027,10924
2024-05-11 14:44,https://twitter.com/elonmusk/status/1789184692161569063,Only 𝕏 resisted censoring your voice,424533,55775,21280
2024-05-11 14:01,https://twitter.com/elonmusk/status/1789173902289338518,"Major geomagnetic solar storm happening right now. Biggest in a long time. Starlink satellites are under a lot of pressure, but holding up so far. ",219924,30854,8275
2024-05-11 05:46,https://twitter.com/elonmusk/status/1789049294160621882,Interesting,98327,20613,5783
2024-05-11 05:06,https://twitter.com/elonmusk/status/1789039218607747137,I doubt that the people of Australia agree with suppressing their rights,104155,23655,7438
2024-05-11 02:16,https://twitter.com/elonmusk/status/1788996442574450777,Concerning,236690,55390,13594
2024-05-10 22:17,https://twitter.com/elonmusk/status/1788936435589947426,This is accurate,73199,15745,5191
2024-05-10 15:49,https://twitter.com/elonmusk/status/1788838767165415549,"Just started a Supercharger Community
 ",27622,4515,3423
2024-05-10 15:37,https://twitter.com/elonmusk/status/1788835845601952007,"Our 75th launch from Vandenberg, California",141240,14867,4055
2024-05-10 15:34,https://twitter.com/elonmusk/status/1788834859110002716,"Just to reiterate: Tesla will spend well over $500M expanding our Supercharger network to create thousands of NEW chargers this year. 

That’s just on new sites and expansions, not counting operations costs, which are much higher.",95664,10182,5666
2024-05-10 15:07,https://twitter.com/elonmusk/status/1788828194419736695,What Earthlooks like in radio frequency from the ⁦@Starlink⁩ direct to phone satellites ,153146,11431,6289
2024-05-10 07:02,https://twitter.com/elonmusk/status/1788706137824518260,"Post your movies, TV series or podcast on this platform and monetize by turning on subscriptions!",55791,7432,3740
2024-05-10 04:45,https://twitter.com/elonmusk/status/1788671611329007841,This illustrates just how much the legacy media lies to the public!,104884,22447,6414
2024-05-09 21:38,https://twitter.com/elonmusk/status/1788564251931508966,"Given the terrible flooding in Rio Grande do Sul, @Starlink will donate 1000 terminals to emergency responders and make usage for all terminals in the region free until the region has recovered.

I hope the best for the people of Brazil. ",511944,72150,25220
2024-05-09 13:54,https://twitter.com/elonmusk/status/1788447422294749665,💯,159568,48292,10504
2024-05-09 13:36,https://twitter.com/elonmusk/status/1788442903481647566,This is real ,732634,42912,20767
2024-05-09 09:41,https://twitter.com/elonmusk/status/1788383707880894957,Successful 100 days with first human implant of @Neuralink,83918,9527,6728
2024-05-08 12:38,https://twitter.com/elonmusk/status/1788065938220486764,A terrible attack on the rights of Canadians to speak freely!,145881,27232,5661
2024-05-08 10:08,https://twitter.com/elonmusk/status/1788028272628097460,The latest version of Tesla’s (supervised) self-driving will blow your mind,57067,7046,7741
2024-05-08 02:43,https://twitter.com/elonmusk/status/1787916246404710478,How to vote your Tesla shares,26954,4001,3393
2024-05-08 02:37,https://twitter.com/elonmusk/status/1787914668570550511,"At the risk of sounding elitist, I prefer IHOP ",204163,17114,11585
2024-05-08 02:21,https://twitter.com/elonmusk/status/1787910522547093951,"This sounds insane if accurate!

@CommunityNotes, please check",180929,43032,17597
2024-05-08 02:13,https://twitter.com/elonmusk/status/1787908517724344648,Why it is so important for @xAI’s @Grok to succeed. This is a much bigger deal than it may seem.,107195,18494,5716
2024-05-07 16:58,https://twitter.com/elonmusk/status/1787769025461961108,❤️,188121,20922,7279
2024-05-07 16:55,https://twitter.com/elonmusk/status/1787768103449010597,"Accurate analysis. 

Only about 1/10,000 of distance driven is useful for training. 

The limiting factor for FSD progress was AI training compute, but now it is validation, as the interventions are so rare.",23723,4199,2628
2024-05-07 16:42,https://twitter.com/elonmusk/status/1787765015036199281,Great idea,26842,4189,3345
2024-05-07 15:52,https://twitter.com/elonmusk/status/1787752278377824612,Worth watching,179050,37712,9091
2024-05-07 15:33,https://twitter.com/elonmusk/status/1787747492328861770,This was Optimus not long ago ,488573,30533,32222
2024-05-07 15:04,https://twitter.com/elonmusk/status/1787740176695112185,"No humans, no humanity",165126,27142,19310
2024-05-07 13:59,https://twitter.com/elonmusk/status/1787723851167871099,Good breakdown of the discussion,44560,8319,2252
2024-05-07 09:23,https://twitter.com/elonmusk/status/1787654457339342932,I recommend investing in Argentina,551257,64776,21832
2024-05-07 08:19,https://twitter.com/elonmusk/status/1787638333684027413,,17337,3257,3230
2024-05-07 08:01,https://twitter.com/elonmusk/status/1787633810361946264,Streaming live from @MilkenInstitute in ~10 mins,26904,2759,5609
2024-05-07 07:35,https://twitter.com/elonmusk/status/1787627184812949968,Great meeting with President ⁦@JMilei⁩! ,451548,36233,12124
2024-05-07 05:14,https://twitter.com/elonmusk/status/1787591856542667195,"Are you saying the fine was for repeating accurate government statistics? 

Was there anything inaccurate in what she said?",249575,52744,13993
2024-05-07 01:13,https://twitter.com/elonmusk/status/1787531120852312388,"Although Boeing got $4.2 billion to develop an astronaut capsule and SpaceX only got $2.6 billion, SpaceX finished 4 years sooner. 

Note, the crew capsule design of Dragon 2 has almost nothing in common with Dragon 1. 

Too many non-technical managers at Boeing.",129622,19052,7723
2024-05-06 01:01,https://twitter.com/elonmusk/status/1787165820512051626,"Maiden launch of Falcon Heavy, the most powerful operational rocket on Earth, with the first dual rocket landing
 ",273180,33547,11740
2024-05-05 04:54,https://twitter.com/elonmusk/status/1786861963848671413,This will improve the quality of your replies,36413,6641,15625
2024-05-05 03:22,https://twitter.com/elonmusk/status/1786838832287265191,Doesn’t make sense that American taxpayers are forced to fund anti-American activities,258195,51432,23953
2024-05-05 03:04,https://twitter.com/elonmusk/status/1786834333493502281,Please take a moment to vote your Tesla shares and let us know if you encounter any issues with voting,26068,4355,2852
2024-05-05 03:03,https://twitter.com/elonmusk/status/1786833975228715221,"Whether you agree with Bolsonaro or not, the people of Brazil have a right to hear him speak",136048,24540,5529
2024-05-05 02:53,https://twitter.com/elonmusk/status/1786831499310022690,"Despite a massive bot purge, the 𝕏 platform reached another all-time high in usage this month!",199672,17357,13792
